{
	"dutch": {
		"e": 0.17937847079934363,
		"n": 0.09336410793128046,
		"a": 0.0737460393102443,
		"i": 0.06571727957087913,
		"t": 0.06491476313118824,
		"r": 0.061338762517129754,
		"o": 0.058738334826392215,
		"d": 0.05302804592137401,
		"s": 0.04035926922039324,
		"l": 0.03717392081595772,
		"g": 0.02973638239042269,
		"h": 0.024127798172775956,
		"k": 0.023880564623780416,
		"m": 0.023791141106190364,
		"v": 0.023472215728548143,
		"u": 0.019418139577794785,
		"p": 0.016020650967004606,
		"j": 0.01583804357365039,
		"b": 0.015558021901586127,
		"w": 0.015351717251068164,
		".": 0.015190936936743225,
		"c": 0.014068705044155456,
		"z": 0.012262593011984391,
		"f": 0.00844990485343729,
		",": 0.005584031879036478,
		"'": 0.002818163430066714,
		"-": 0.0017946009357391291,
		"y": 0.0011661660773188646,
		"/": 0.001039379000849831,
		";": 0.000892390000147514,
		"x": 0.0006651983601438037,
		"ë": 0.0003856117295172365,
		"é": 0.0003853517047498774,
		"q": 0.0001721413964680136,
		"è": 0.000042479046129143803,
		"ó": 0.00003841365890101032,
		"=": 0.000025497428630077016,
		"á": 0.00002308219857941469,
		"í": 9.180874478294058e-6,
		"`": 8.300790650309441e-6,
		"]": 7.280693486054546e-6,
		"[": 7.165682531261102e-6,
		"ç": 6.710639188382694e-6,
		"î": 1.5951519382221157e-6,
		"\\": 1.4501381256564688e-6
	},
    "english": {
		"e": 0.1170769393081309,
		"t": 0.08871243210775637,
		"a": 0.07918373694842466,
		"o": 0.07586756367346704,
		"i": 0.07072779156631209,
		"n": 0.06760240614264212,
		"s": 0.06378478336818554,
		"r": 0.0601493018031759,
		"h": 0.046100289855317986,
		"l": 0.04118633352672179,
		"d": 0.03645113241918483,
		"c": 0.030497349979259427,
		"u": 0.028657070863253392,
		"m": 0.02416607330136565,
		"f": 0.02124090923975154,
		"p": 0.020763241906222744,
		"g": 0.02044063010412951,
		"y": 0.01922770620329345,
		"w": 0.01810683036334152,
		"b": 0.014880168444340291,
		".": 0.011107312493314122,
		"v": 0.010604088637819992,
		",": 0.010276069062304348,
		"k": 0.008043300616898551,
		"'": 0.004803402358827968,
		"-": 0.00257439438900486,
		"x": 0.002119700061614289,
		"j": 0.0017236196675057484,
		"q": 0.0010129566550910742,
		";": 0.0009934944664055673,
		"z": 0.0009587005936313058,
		"/": 0.0008355188264855267,
		"=": 0.000102388811463909,
		"\\": 0.000010561430533951644,
		"[": 5.900402411010976e-6,
		"]": 5.898173320564806e-6,
		"`": 2.229090446169617e-9
	},
    "german": {
		"e": 0.15829457574336234,
		"n": 0.09640687657253584,
		"i": 0.07791277488082303,
		"r": 0.07251693109129606,
		"t": 0.0623601607918627,
		"a": 0.056416752106160095,
		"s": 0.05473066792695279,
		"d": 0.0465959675327962,
		"h": 0.04046316878790827,
		"u": 0.03740540454090438,
		"l": 0.03607710776484675,
		"g": 0.029549200889808454,
		"m": 0.026405795167199864,
		"c": 0.026396487456612445,
		"o": 0.025952798222317164,
		"b": 0.020338410751964763,
		"f": 0.017662597381883277,
		"k": 0.014488417014445362,
		"w": 0.01413231572337013,
		".": 0.012834759497963848,
		"z": 0.011958037009726108,
		"p": 0.010084379061178376,
		"v": 0.008938960356312675,
		"ß": 0.008280917925612268,
		",": 0.00726195452685913,
		"ü": 0.0064279551430959,
		"ä": 0.0054095341517196496,
		"-": 0.0036667823492456957,
		"ö": 0.002692011204090756,
		"j": 0.002450426057895076,
		"'": 0.0022352700985721575,
		"y": 0.0010928144877196335,
		";": 0.000962001325767608,
		"/": 0.0006781301004696535,
		"x": 0.000616484727218526,
		"q": 0.00028128006777178706,
		"=": 0.000016244326070147285,
		"]": 1.7790961961962489e-6,
		"[": 1.7728972547460878e-6,
		"`": 1.7388030767702015e-6,
		"\\": 3.564391333842659e-7
	},
    "albanian": {
		"e": 0.10651439221561317,
		"t": 0.08253830982634054,
		"i": 0.07897452421977642,
		"ë": 0.07250085739314009,
		"a": 0.07127767193488956,
		"r": 0.0706591152027753,
		"n": 0.06483248926239098,
		"s": 0.05402340603498405,
		"o": 0.03886254958439224,
		"h": 0.0383618700141162,
		"m": 0.036094909067583315,
		"k": 0.03326044259785905,
		"u": 0.03193416225711553,
		"d": 0.03157993613033545,
		"j": 0.03135017847068802,
		"p": 0.029342271735162125,
		"l": 0.023996015434508685,
		"v": 0.013915267254523439,
		"g": 0.013294340332576494,
		"b": 0.010994477298560476,
		".": 0.010476925829281055,
		",": 0.010347637417806654,
		"f": 0.00897451860837294,
		"q": 0.00871759170555502,
		"z": 0.007061921979900137,
		"c": 0.0057056750694698035,
		"y": 0.005642965541652573,
		"'": 0.0029204130706538766,
		"-": 0.001730506585195565,
		"ç": 0.0015606443763908691,
		"x": 0.0008379793590636508,
		";": 0.0007796626389045355,
		"/": 0.0005530205644788829,
		"w": 0.0003234136589550935,
		"=": 0.00003827898455941927,
		"`": 0.000021658342428762332
	},
    "toki pona": {
		"a": 0.1476991945576485,
		"i": 0.1437762731444341,
		"n": 0.11686134197606135,
		"l": 0.09922825145204249,
		"e": 0.07751179283124218,
		"o": 0.07294708468375959,
		"t": 0.04711516862946443,
		"p": 0.04626480120655906,
		"k": 0.04587972916599814,
		"s": 0.041250842345088724,
		"m": 0.039967268876552324,
		"u": 0.03234605140711742,
		".": 0.02298398742098001,
		"w": 0.022566826043705676,
		"j": 0.018667971633026345,
		",": 0.01013220806725925,
		"'": 0.006706671373102718,
		";": 0.004725154831049642,
		"/": 0.0017970028559509675,
		"-": 0.0006417867342682026,
		"b": 0.00013637968103199306,
		"]": 0.00012835734685364054,
		"[": 0.00012835734685364054,
		"c": 0.00008022334178352533,
		"d": 0.00008022334178352533,
		"f": 0.00007220100760517281,
		"=": 0.00006417867342682027,
		"g": 0.00005615633924846773,
		"r": 0.00005615633924846773,
		"v": 0.00005615633924846773,
		"y": 0.000032089336713410135,
		"h": 0.0000240670025350576,
		"û": 8.022334178352534e-6,
		"z": 8.022334178352534e-6
	}
}